Metric,Baseline,HyDE,Delta,Change
faithfulness,0.7655407985970645,0.7329898523702431,-0.03255094622682142,▼ -0.033
context_precision,0.6794871794448718,0.7179487179032051,0.03846153845833333,▲ +0.038
context_recall,0.30000000000000004,0.4358974358974359,0.13589743589743586,▲ +0.136
answer_relevancy,0.6276807976490317,0.6805026427161095,0.052821845067077766,▲ +0.053
